{"UNRATE": [4.0,4.0,4.0,3.6,3.6], "GDPC1": [20044.077,20150.476,20431.641,20602.275,20693.238], "CORESTICKM159SFRBATL": [2.157823,2.551897,2.375054,2.392597,2.790484],"WTISPLC":[63.7,67.87,51.38,54.66,57.52]}